{
  "analysis": "Leave-fire-out cross-validation for Platt scaling calibration",
  "purpose": "Address NHESS reviewer concern about spatial autocorrelation leakage",
  "dataset": {
    "n_observations": 2995,
    "n_positive": 329,
    "n_fires": 15,
    "base_rate": 0.10984974958263773,
    "brier_reference": 0.09778278209926951
  },
  "comparison": {
    "raw_m1": {
      "brier": 0.1590234002095245,
      "auc": 0.8485453430226858,
      "bss": -0.6262924494016058
    },
    "platt_5fold_random_cv": {
      "brier": 0.08372734230189828,
      "auc": 0.8355641341946429,
      "bss": 0.14374145934099203
    },
    "platt_leave_fire_out_cv": {
      "brier": 0.08297858649567987,
      "auc": 0.8319044046725967,
      "bss": 0.1513987972704679
    },
    "platt_median_lfo_coefficients": {
      "A": 0.4017969754242005,
      "B": -2.1494682933144884,
      "brier": 0.08148536301489989,
      "auc": 0.8485453430226858,
      "bss": 0.16666961948192893
    },
    "platt_all_data_fit": {
      "A": 0.3989621597901109,
      "B": -2.129460055371717,
      "brier_resubstitution": 0.08142774611198048
    }
  },
  "spatial_leakage": {
    "brier_delta_lfo_minus_random": -0.0007487558062184152,
    "brier_delta_percent": -0.8942787214224514,
    "verdict": "NEGLIGIBLE \u2014 spatial leakage is NOT a problem"
  },
  "coefficient_stability": {
    "A_mean": 0.39989623653140277,
    "A_std": 0.014509014875333197,
    "A_cv_percent": 3.628194904053278,
    "B_mean": -2.126967436350628,
    "B_std": 0.07110607935727215,
    "B_cv_percent": 3.3430732479512395,
    "stable": true
  },
  "per_fire_folds": [
    {
      "fire": "Apple",
      "n_obs": 1,
      "n_positive": 1,
      "n_negative": 0,
      "A": 0.39791928712127517,
      "B": -2.130513103669037,
      "held_out_brier": null,
      "held_out_auc": null
    },
    {
      "fire": "Bond",
      "n_obs": 9,
      "n_positive": 9,
      "n_negative": 0,
      "A": 0.40777731040238324,
      "B": -2.1734795691285265,
      "held_out_brier": 0.8840967554245278,
      "held_out_auc": null
    },
    {
      "fire": "Butte",
      "n_obs": 123,
      "n_positive": 7,
      "n_negative": 116,
      "A": 0.3957478541335177,
      "B": -2.1224497240435256,
      "held_out_brier": 0.050236933270605376,
      "held_out_auc": 0.8583743842364532
    },
    {
      "fire": "Buzzard",
      "n_obs": 679,
      "n_positive": 26,
      "n_negative": 653,
      "A": 0.3570056713033448,
      "B": -2.004985151544793,
      "held_out_brier": 0.029903048338021522,
      "held_out_auc": 0.9374779125927671
    },
    {
      "fire": "Cameron Peak",
      "n_obs": 17,
      "n_positive": 10,
      "n_negative": 7,
      "A": 0.3923067260072265,
      "B": -2.1494682933144884,
      "held_out_brier": 0.2999696828105431,
      "held_out_auc": 0.8500000000000001
    },
    {
      "fire": "Cedar Creek",
      "n_obs": 20,
      "n_positive": 6,
      "n_negative": 14,
      "A": 0.40393462919790757,
      "B": -2.1520950227634814,
      "held_out_brier": 0.26718432101419076,
      "held_out_auc": 0.2976190476190476
    },
    {
      "fire": "Cub Creek 2",
      "n_obs": 85,
      "n_positive": 14,
      "n_negative": 71,
      "A": 0.40758143016003723,
      "B": -2.176895037600556,
      "held_out_brier": 0.14755117035786253,
      "held_out_auc": 0.6996981891348089
    },
    {
      "fire": "El Dorado",
      "n_obs": 21,
      "n_positive": 12,
      "n_negative": 9,
      "A": 0.4017969754242005,
      "B": -2.1666292223103896,
      "held_out_brier": 0.41264937226738707,
      "held_out_auc": 0.5601851851851852
    },
    {
      "fire": "Ferguson",
      "n_obs": 364,
      "n_positive": 26,
      "n_negative": 338,
      "A": 0.3909910967789594,
      "B": -2.1584061693080563,
      "held_out_brier": 0.060778847836885384,
      "held_out_auc": 0.9245562130177514
    },
    {
      "fire": "Fish (San Gabriel Complex)",
      "n_obs": 241,
      "n_positive": 7,
      "n_negative": 234,
      "A": 0.3905420396477944,
      "B": -2.1037026293602654,
      "held_out_brier": 0.027482081889606418,
      "held_out_auc": 0.8995726495726496
    },
    {
      "fire": "Muckamuck",
      "n_obs": 25,
      "n_positive": 3,
      "n_negative": 22,
      "A": 0.4032465580333659,
      "B": -2.114550047215715,
      "held_out_brier": 0.1334302726074699,
      "held_out_auc": 0.5
    },
    {
      "fire": "Pinal",
      "n_obs": 525,
      "n_positive": 14,
      "n_negative": 511,
      "A": 0.4149220406955062,
      "B": -1.9267123075980008,
      "held_out_brier": 0.03984551408166344,
      "held_out_auc": 0.9389851831143416
    },
    {
      "fire": "Spring Creek",
      "n_obs": 2,
      "n_positive": 1,
      "n_negative": 1,
      "A": 0.39934836611031943,
      "B": -2.1333516857401067,
      "held_out_brier": 0.4129230500173239,
      "held_out_auc": 1.0
    },
    {
      "fire": "Thomas",
      "n_obs": 857,
      "n_positive": 171,
      "n_negative": 686,
      "A": 0.4232710498712068,
      "B": -2.16169639604624,
      "held_out_brier": 0.12799291864904574,
      "held_out_auc": 0.8398462141748928
    },
    {
      "fire": "Woodbury",
      "n_obs": 26,
      "n_positive": 22,
      "n_negative": 4,
      "A": 0.41205251308399776,
      "B": -2.229577185616235,
      "held_out_brier": 0.7205660234300678,
      "held_out_auc": 0.5909090909090909
    }
  ],
  "recommendation": {
    "use_median_coefficients": false,
    "reason": "All-data coefficients are adequate; median is not meaningfully better"
  }
}